n,true,quad,mc,qmc,bq,sbq_uni,sbq_uni_m12,sbq_uni_m32,sbq_uni_m52,sbq_gauss,sbq_gauss_m12,sbq_gauss_m32,sbq_gauss_m52
10.0,0.0,0.10530049760404292,2.5311073379553184,0.017183207639164217,0.03583343008923917,0.19120510359967863,0.6171009646546577,0.3274549320048986,0.4810095204014618,0.18387986086013458,0.6085855916763264,0.2720639221512062,0.46339760173039163
25.0,0.0,0.1053004976040402,1.2052321516325444,0.03741569195550168,0.03738869352414893,0.05017234697298941,0.24204371921721357,0.9601308856549897,0.6396248074302295,0.04766360964867734,0.2473607994899159,0.8102296040391234,0.5673087531728846
50.0,0.0,0.1053004976040402,0.9640567041058068,0.014050801969589546,0.01501493637415331,0.03494438740730594,0.5446368452404108,0.2633028782260348,0.13068650010060973,0.034511603545053005,0.5003558681518973,0.21649884487901339,0.11997227462871464
100.0,0.0,0.10530049760404006,0.4632086395388927,0.011883517968977906,0.011699722351072632,0.015103224321680939,0.382064576811436,0.1235044814619531,0.0922982554061341,0.013969606418757925,0.35850681146962726,0.12192559378405514,0.09163037929590553
250.0,0.0,0.10530049760404035,1.025700623000694,0.007762426339313694,0.008033223552793988,0.016261575220300868,0.11309169422909013,0.02955764157611141,0.020068987841735678,0.01421099751779154,0.11274442049206976,0.026827489563965606,0.01718130370152493
500.0,0.0,0.10530049760403944,0.5017196319120513,0.004330405039234394,0.004310325784339212,0.0057998354338748654,0.0426027677568859,0.011924565421909904,0.021813808875228435,0.004858826640793444,0.03994467043634236,0.011367943457476446,0.021395638197940714
750.0,0.0,0.10530049760403974,0.4391735704390678,0.0032940900438132785,0.003368150423382728,0.002911747074843939,0.029110123793743618,0.010078129222243158,0.01391748438467146,0.0048357666671120705,0.025279782225542415,0.011079934452606893,0.01334906925836611
1000.0,0.0,0.10530049760403985,0.22115738211935032,0.0024010463894517994,0.0023571462207775695,0.002459998329533599,0.009153267118011066,0.009522195689576662,0.0025744688919789893,0.003912888377428861,0.00849798951985645,0.008328962967758122,0.003078225197856387
