n,quad,mc,qmc,bq,sbq_uni,sbq_uni_m12,sbq_uni_m32,sbq_uni_m52,sbq_gauss,sbq_gauss_m12,sbq_gauss_m32,sbq_gauss_m52
10.0,276.71946321254615,63.25039878149458,164.0384415404581,38.4212901050699,8.261323893176314,95.64304435536292,85.992750241445,25.968780567403975,30.788927622449894,112.297549366669,111.1908641751487,62.873762376302764
25.0,83.86115205029927,18.72996384720073,20.280168145693892,10.585081776260068,2.6399635178615553,5.058989545680282,17.22530042046181,10.59154608359844,10.171363158960897,15.395462857359501,21.480242167513744,14.722803890213038
50.0,83.86115205029927,25.63731280341174,23.38345955102569,26.084569468081106,17.420965260161207,12.962266758222677,7.716282873347195,12.68511517719688,27.138819914875615,21.2071218692161,17.033276684548646,21.653793508987786
100.0,1.606768865656031,17.614590218546788,26.80258865935135,38.928676523594376,25.057867209396875,5.921566766984561,19.36248310034175,24.311397332876517,38.259464547783594,16.456911494150845,30.884843043663277,36.25888416780665
250.0,1.6067566571288414,16.041136940903833,4.407359840950988,11.994377763518141,2.739302469874854,2.9903861832620318,3.62230438612245,2.830342729851329,12.01188944951684,11.914851613192825,13.001662822917165,12.176548399386874
500.0,1.606756860223161,7.283261418689898,3.4806535025972094,12.628523757338819,3.461556289730434,2.0758153397312467,2.543295544459884,2.6267940741998803,12.680158380482567,11.066078409027005,11.637385145109032,11.811136011527925
750.0,1.60675686033071,11.05826714911258,3.244234307721829,12.37700527372256,3.0135588574103958,2.0214157110413047,2.801613184682471,2.799321318126271,12.243458721248315,11.033799959075221,11.879430124203655,11.97540005395736
1000.0,1.6067568615358023,3.4661195474320934,0.8569798452726431,9.62325244210213,0.6114617778591727,0.7258398114771233,1.1002268852786743,0.7337310582765488,9.48234613507675,9.596860413931674,9.94764186851558,9.590772053652188
