n,quad,mc,qmc,bq,sbq_uni,sbq_uni_m12,sbq_uni_m32,sbq_uni_m52,sbq_gauss,sbq_gauss_m12,sbq_gauss_m32,sbq_gauss_m52
10.0,2.105198672827501,15.608354754430813,0.3435317661357387,0.7163925259915189,3.8226289475809465,12.337264888116653,6.546575789790687,9.61648450868937,3.676180529536286,12.167023034559385,5.439182348317607,9.264381824885342
25.0,2.1051986728274743,11.93601430710298,0.7480255729068976,0.7474858122870954,1.0030603906293794,4.485193748460486,12.26601210649195,5.2842899693468475,0.9529049725090011,4.945310218322583,15.212769663260566,9.970489740152361
50.0,2.1051986728274743,19.273706584422623,0.2809077861129367,0.30018304610788166,0.6986185219110178,10.341124924985582,5.264028968575675,2.6127231383350513,0.6899661790145778,10.003262411310724,4.328308899562996,2.398521175789507
100.0,1.1779586988749655,9.26060403689944,0.23757880376677137,0.2339043074472917,0.3019481248510109,7.403159404594137,2.469138098849523,1.8452540036033904,0.2792845006609261,7.167374142365967,2.4375725097052685,1.8319016269968393
250.0,1.1779547416487688,11.035763340422834,0.1551887217940096,0.16060257972816502,0.3251062184016494,2.03465389484724,0.5909251070391174,0.4012251369246286,0.2841104628632004,2.2540197794801373,0.5363431010338,0.3434937020516812
500.0,1.1779548074480561,7.215461844643264,0.08657473752575923,0.0861733071268681,0.11595202430973744,0.8517271255243521,0.23839943657859672,0.43610811476052314,0.0971390983750176,0.7985856582114775,0.2272712857392887,0.4277479229772729
750.0,1.1779548074828967,5.1224126559900665,0.06585642182325098,0.06733705882237448,0.058212508174657986,0.5819781992566869,0.20148493830513467,0.27824246154923427,0.09667807656511067,0.5054008784526149,0.22151332458421763,0.26687853833195957
1000.0,1.1779548078733288,2.310359869102321,0.04800242911935845,0.04712476397120929,0.04918101373049181,0.18299482174652965,0.1903705507971987,0.051469543050115946,0.07822762101334296,0.16989431831723034,0.1665150895268021,0.061540788017536575
