n,true,quad,mc,qmc,bq,sbq_uni,sbq_uni_m12,sbq_uni_m32,sbq_uni_m52,sbq_gauss,sbq_gauss_m12,sbq_gauss_m32,sbq_gauss_m52
10.0,5.001926847246786,-8.839378274738753,2.684243516848171,13.207009694464181,6.923731672070849,4.588701469495987,9.785921960381835,9.303221308259499,6.300866254350371,6.541966483973489,10.618968117818415,10.563612534109257,8.146826447421223
25.0,5.001926847246786,9.196600326061153,4.973751456092644,6.01632602239304,5.531384894416565,4.869877803289347,5.241571530526708,5.555108809224479,5.098170785946563,5.51069099182582,5.771996637166958,6.047119246844137,5.69750096604118
50.0,5.001926847246786,9.196600326061153,3.719567215220296,6.171550388344633,6.3066579304594725,5.873310785644325,5.632096571407784,5.387889671898245,5.636427028899173,6.359390766594906,6.0626915695514505,5.853918886697052,6.085033758220228
100.0,5.001926847246786,4.982795776098209,4.120857930072788,6.342572725156003,6.94911076955831,6.255303034541058,5.28591509633346,5.970424087736402,6.217965157380775,6.915637276075239,5.8250895215003595,6.54676410317781,6.815569708948422
250.0,5.001926847246786,4.982798829406205,4.787670938515416,5.222379762386086,5.601876848760398,5.1389447529147505,5.144851611914773,5.183111862825242,5.143498520120317,5.602752770483772,5.597899008896694,5.652260510574784,5.610988890703716
500.0,5.001926847246786,4.982798778613055,4.813393161806391,5.176026589252831,5.633596367476054,5.175071360635372,5.10575761202407,5.129140629889956,5.133317165266077,5.636179093553556,5.555443994125287,5.5840203391375045,5.592711230372234
750.0,5.001926847246786,4.98279877858616,5.453777252751158,5.164201074072315,5.621015596918265,5.15266285679318,5.103036582391825,5.142061489287424,5.1419468517988465,5.614335696056483,5.553829449671274,5.596127251929251,5.600927597610886
1000.0,5.001926847246786,4.982798778284771,4.961759692610957,5.044792352202973,5.483274894726623,5.0325117180741765,5.038232823645066,5.056959391202167,5.038627538037308,5.476226864326058,5.481954784784032,5.499500616536029,5.481650249456656
