n,true,quad,mc,qmc,bq,gbq_uni,gbq_uni_m12,gbq_uni_m32,gbq_uni_m52,gbq_gauss,gbq_gauss_m12,gbq_gauss_m32,gbq_gauss_m52
10.0,0.0,1.160796097531456,1.2544256491549082,0.24052886780020455,0.15943378616182652,0.16380528831982363,0.13100038797634472,0.13886412234683254,0.16231479746632907,0.16470719353574179,0.13215607579170544,0.1406681215788831,0.16359605013175293
25.0,0.0,3.7725553827144576,1.2203620955814112,0.9358604114488319,0.7266583576265869,0.7221912769177453,0.4560389271251102,0.6475977324704941,0.693996902971256,0.7263113407142884,0.4623630101877245,0.6550243992174488,0.6986972232211338
50.0,0.0,3.0417235629249912,1.0762380626219747,0.3532140049182614,0.2609363245470173,0.26008535874264643,0.16165131645850966,0.2391042322139045,0.24704910223048387,0.2611857906218016,0.16502108462372048,0.24090986306353473,0.2478070887004351
100.0,0.0,1.6274561797357137,1.2324754569996677,0.24093284141999974,0.21530650492885048,0.21555715096257386,0.17943543857498342,0.20243968582510868,0.2116956357435386,0.21584867233969182,0.17969026199823698,0.2013059382643779,0.21108615442855821
250.0,0.0,2.07661179065651,0.2251640277112683,0.18561688954921562,0.15991309276315352,0.15926491879841023,0.12646982784559077,0.14704462594919954,0.15701889620809129,0.15877561466677398,0.12452524977063782,0.14581513241796748,0.1534560232482778
500.0,0.0,0.6053345665812525,0.2692703301321154,0.09767574541920547,0.08360417358010509,0.08520356753427245,0.07797805475943287,0.08193198666585796,0.08744099415575399,0.08426507202502491,0.07625625262439323,0.0820686690809305,0.08495646577626079
750.0,0.0,0.6076261161011604,0.2123488210970277,0.07793514568865048,0.0625699034448852,0.06324582523138146,0.06395166571484144,0.06199338917389941,0.0650125485837649,0.06163829490675269,0.06065732767310484,0.05973046225446468,0.06154769643823046
1000.0,0.0,0.7011541059433912,0.18137962845011102,0.05133577631940412,0.046831916590989606,0.04823459573474045,0.049577520316573385,0.04685701584031821,0.0496821013712268,0.04664071658362663,0.04680789862481088,0.04564192075130295,0.04687294492715683
