n,quad,mc,qmc,bq,gbq_uni,gbq_uni_m12,gbq_uni_m32,gbq_uni_m52,gbq_gauss,gbq_gauss_m12,gbq_gauss_m32,gbq_gauss_m52
10.0,4.553344829139926,10.708754261270222,2.0865645641333264,1.439242189405501,1.4574452786032457,1.444485409396563,1.3747178188744986,1.3567156057011676,1.4584549209157216,1.3858643638731487,1.3765303349165385,1.3523421515136378
25.0,4.266031794429858,3.9042014870969304,4.8487654532215245,3.8213524033239605,3.776893620800579,3.689509782907681,4.311369168532015,3.978496878929383,3.7947448482751196,3.7952833955535805,4.37850053229023,4.007238173626389
50.0,6.028055605354824,2.8002534078781265,2.051081229255839,1.0594897731104984,1.132326562201499,1.3274730190500026,1.2497007858016795,1.095911984846301,1.1385021597468417,1.382406185427461,1.2682076571048948,1.1196037004575743
100.0,6.197053262096176,5.240010980949842,0.9831992852275696,0.865641852946143,0.9187348555139356,0.990319955102515,0.8460673235251839,0.9038013062767355,0.9138205828494718,0.9621356372357781,0.8167272304795298,0.8813793245065701
250.0,6.160723213654166,1.5268074904180993,0.8595361232152129,0.37353595453366206,0.5032934138081339,0.5977865651940291,0.6475361516434642,0.68414605869201,0.39089481141226284,0.6159502649206101,0.5240170656368738,0.3165732319853328
500.0,1.5400760627163652,1.228299737494733,0.45741502668262407,0.2939454285866784,0.18214571800181695,0.30460263542061006,0.33943323928516034,0.3237720967650867,0.3145967510342467,0.3214735237817113,0.11295871588405274,0.2663987045363886
750.0,1.0868557074021161,0.7758115592735334,0.3649956915280372,0.24620501510852377,0.2152463284685348,0.19448929696459993,0.27020331129486236,0.2548388799685133,0.24005168098852803,0.22780938285390884,0.13508404504871976,0.2120472995953637
1000.0,1.2281077169721555,0.3417301644068647,0.2156192088309983,0.18405499354639482,0.2069172687825682,0.15102927772867097,0.20450951480604793,0.20222228525085081,0.18818984054093912,0.16655155001297287,0.11092950371659197,0.20100137297413687
