n,quad,mc,qmc,bq,gbq_uni,gbq_uni_m12,gbq_uni_m32,gbq_uni_m52,gbq_gauss,gbq_gauss_m12,gbq_gauss_m32,gbq_gauss_m52
10.0,9.106689658279883,9.267711739424344,1.8869995837960116,1.250791603028256,1.2850869573786368,1.0277256108560493,1.0894182618043653,1.2733937429802191,1.2921625935907268,1.0367922249657266,1.1035710154059681,1.2834454397619999
25.0,8.527997579568773,4.553726788411517,7.342021866423172,5.7007877305698464,5.665742542374937,3.577721350248379,5.0805404890282535,5.444551745656899,5.698065309868058,3.627335112688561,5.138804252495248,5.4814267471332085
50.0,12.06076715483748,3.5397954767701623,2.771038197482901,2.047100376435829,2.0404243706268046,1.2681885948536695,1.8758230178270485,1.9381521949928087,2.0490574902891248,1.2946251352298692,1.8899885718119096,1.9440987583571228
100.0,12.39369750808551,5.249351851140094,1.8901688418538483,1.689124839380171,1.6910912102596485,1.4077087752747515,1.5881819358709448,1.6607968107649729,1.6933782568096956,1.409707918654166,1.5792874476758487,1.6560153015922165
250.0,12.321953758449721,1.2516392118319697,1.1498710777555223,1.2545518641789704,1.2494668030265021,0.9921824132378851,1.1535960340363929,1.2318462831617147,1.2456281091466712,0.9769267890308849,1.143950398554327,1.2038947950356798
500.0,3.0812048736262114,1.087924917202459,0.7662867772948839,0.43739545462461493,0.6684399171938846,0.611754248968145,0.6427736768231813,0.6859929998742419,0.428566026623989,0.598246348889816,0.6438459791323093,0.6665013519032075
750.0,2.171901867708988,0.8508100532569344,0.6114176182782495,0.3391571759865468,0.49617680813093085,0.501714275257836,0.4863511837025032,0.5100371246123584,0.32872721140991257,0.4758695000734951,0.46859804581852527,0.4366343232004823
1000.0,2.4550577828632263,0.4945037209306181,0.40273996811487245,0.26133767347187226,0.37841055382852756,0.38894607977252027,0.36760314966455104,0.3897665401538822,0.25445143195771225,0.36721781477287163,0.35807047299162476,0.36104241058038167
