n,quad,mc,qmc,bq,gbq_uni,gbq_uni_m12,gbq_uni_m32,gbq_uni_m52,gbq_gauss,gbq_gauss_m12,gbq_gauss_m32,gbq_gauss_m52
10.0,8.52867157463381,8.748879692414201,18.135909837367375,28.583276657629803,28.853371809526017,50.90457380381078,36.85088860144309,31.77333303982069,28.42950202171475,50.34360129983277,36.19536321474975,31.239305714624162
25.0,12.67997193448587,7.065584164365411,14.035111083596178,12.848837346521652,13.320850901268841,28.6347907063202,17.645118190910505,14.626321931484387,12.795388746319267,27.893483074455453,16.842833681702523,13.94600554507534
50.0,9.470852358469859,7.834082788383078,8.592683342934757,5.408878606058044,5.83778841339439,15.234722769273063,8.368346255028452,6.710877759322576,5.2657426555168225,14.416018109574532,7.541345479707685,5.983237034114764
100.0,6.862169445432959,9.721414498537888,4.091455904151755,1.4176510040900534,2.0140095991485554,6.473313265931589,3.4003347929703884,2.6105199187109216,1.411162715802174,5.621709904156268,2.5959958295144534,1.8587150873285385
250.0,5.557774538261942,1.712801935105674,1.6774959181816356,0.5519879755561259,0.9397082577005312,2.9025000065693574,1.5416679002580491,1.1230930688868062,0.5647128351377859,2.160374137530509,0.8998562740031811,0.6789954419497651
500.0,2.2075528555670028,1.6030725471298084,1.333054931016718,0.20919079168944005,0.5071797479379574,1.401999057241569,0.776550914925498,0.6021478049877254,0.19599687548321706,0.7248908831749232,0.3088764181056969,0.20442707255380635
750.0,2.118513271355422,1.3202300081612808,0.9442557004136184,0.3259962760601961,0.30177746481465884,0.9442496420374313,0.5399472839855014,0.3813877508215868,0.3237231523997933,0.3018545284620569,0.23115168378368506,0.269067586710387
1000.0,2.344009552935621,1.179225540338625,0.7109137554468177,0.26615047340510806,0.32424537363427175,0.8509843903700464,0.5218077461583615,0.4064561958440899,0.27136351680134174,0.22703242990502348,0.19127907803384483,0.2092619959109483
