n,true,quad,mc,qmc,bq,gbq_uni,gbq_uni_m12,gbq_uni_m32,gbq_uni_m52,gbq_gauss,gbq_gauss_m12,gbq_gauss_m32,gbq_gauss_m52
10.0,0.0,0.5803980487657261,1.365005355662223,0.2659666788020183,0.1834548864136979,0.18577516696531937,0.1841232203014782,0.17523020320623175,0.1729355275795584,0.18590386234203732,0.17665101213032042,0.17546123793204998,0.17237805952649918
25.0,0.0,1.8862776913572301,0.9954693387859359,0.6180542246575264,0.4870936776721961,0.4814266808609873,0.47028818577444703,0.5495543049827283,0.507124303605029,0.48370211089826237,0.48377075753086235,0.5581112919886104,0.5107878502914971
50.0,0.0,1.5208617814624945,0.9652227870733029,0.26144374915373075,0.13504924842617888,0.14433348492771414,0.16920808305908613,0.15929474371860708,0.1396918532400965,0.14512066553884218,0.1762102108957389,0.16165374625327203,0.14271174872982445
100.0,0.0,0.8137280898678554,1.2442830288913311,0.12532478169498235,0.11034016997012493,0.11710773892213008,0.12623242718558397,0.10784507699831106,0.11520421455407666,0.11648133473518946,0.12263987627861979,0.10410520369784788,0.11234616734764033
250.0,0.0,1.0382816434449855,0.24878314364110465,0.10956189515126123,0.08682713140165635,0.09183039800066119,0.0761976456947838,0.08253904174222702,0.08720557138445577,0.08949278459108975,0.07851290541599087,0.08115620604629746,0.08420107538571507
500.0,0.0,0.30265687716822237,0.25820588987648363,0.058305004106808236,0.04150576411053154,0.045378175862093695,0.03882657296579349,0.04326630140255576,0.04638274342591163,0.0421602181409233,0.040977042796908204,0.04275416909174649,0.04395205020771664
750.0,0.0,0.30382438637184395,0.20654208369918362,0.046524652781630906,0.03138284398116073,0.03323118840291151,0.024790832388021357,0.03444181816451592,0.03248337084791055,0.03059850120663739,0.02903802067718815,0.03496881596741726,0.032129375877797295
1000.0,0.0,0.35057217198053325,0.16769894163141447,0.027484184215751443,0.023460810267711237,0.026374980056149244,0.01925114424438945,0.026068072549180515,0.02577652784507199,0.023987863943114873,0.02333195599739357,0.02721239746205831,0.025620902666283862
