n,true,quad,mc,qmc,bq,gbq_uni,gbq_uni_m12,gbq_uni_m32,gbq_uni_m52,gbq_gauss,gbq_gauss_m12,gbq_gauss_m32,gbq_gauss_m52
10.0,12.746630675791721,11.659512408621918,11.63144329313034,10.434913229127924,9.103225965203865,9.068797933718438,6.25801265593414,8.049384005018343,8.69660125981647,9.122827050117,6.329517749208959,8.132941405046198,8.76467175066708
25.0,12.746630675791721,12.697188230475836,13.21190886890633,10.957626901028608,11.10883683309741,11.048671008534109,9.096659659671154,10.497472627689417,10.88226743773308,11.115649728766588,9.191151405676411,10.599736871047249,10.968984854935533
50.0,12.746630675791721,13.028178967834924,12.151849241633016,11.651353064927552,12.057180896175591,12.002509347102176,10.804716829911737,11.679948484991796,11.891219872707023,12.075425907155365,10.909074089209005,11.785363219507868,11.983969548595919
100.0,12.746630675791721,13.603685224432052,13.555213599487917,12.22510790242662,12.56592793802871,12.489912310413262,11.92150134129639,12.31320255799134,12.413877343035661,12.566754976173945,12.030052076644518,12.415728675044559,12.509707128294732
250.0,12.746630675791721,12.38223228215195,12.915306787698247,12.532806466499627,12.7195573002116,12.642257569962482,12.376659719589494,12.550119962298593,12.603474150155304,12.71905679363509,12.471255763265386,12.639595431420359,12.69075998619046
500.0,12.746630675791721,12.938276196579988,12.836231030792925,12.57671108702959,12.767982881874474,12.692194446138064,12.567923033887055,12.647646598656687,12.672249267490653,12.768735023033702,12.654231512110929,12.730705262894984,12.754115666279798
750.0,12.746630675791721,12.866746438449734,12.701737001067963,12.626269889024886,12.78818421711795,12.712012256359994,12.626270661263723,12.67780558965812,12.698016587751786,12.787894470440152,12.708154393870512,12.757902843976805,12.777206791601142
1000.0,12.746630675791721,12.643895305652114,12.786794356696394,12.656013124961515,12.780555893678542,12.705300315531222,12.638158838442612,12.680117769551241,12.694821205648601,12.781220381067229,12.719016888674997,12.759358565002051,12.773304529555281
