n,quad,mc,qmc,bq,gbq_uni,gbq_uni_m12,gbq_uni_m32,gbq_uni_m52,gbq_gauss,gbq_gauss_m12,gbq_gauss_m32,gbq_gauss_m52
10.0,17.063806184854734,8.317547389011299,17.159679799798745,48.362100427457456,48.640783949069096,72.89113918176861,59.69610929127788,53.291034743480715,48.32154794759277,72.56122960612853,59.26353701725411,52.88365396922901
25.0,25.361236476089136,8.610665582922575,13.51355873181978,28.340110019606147,28.768094898652144,51.79726989540234,37.631507272387466,32.12578433166921,28.325217436753583,51.246891744815265,36.98965776146654,31.54188909728193
50.0,18.937826895587467,8.199597968144763,8.423817733312564,15.392342196396223,15.884753112937318,33.673366810330336,22.109577996634123,18.124524138819737,15.36310965288288,32.933309285491234,21.328248576112436,17.431827001664878
100.0,13.72387209451623,9.78328245553997,3.8801845652810387,6.481435217478034,7.039740854680635,18.559175187266273,10.898068746623165,8.452756400798247,6.461335983309493,17.680675893812047,10.038964565884351,7.686739619391441
250.0,11.11653048607484,1.6797569430200447,1.9187358819567177,2.2661530126345926,2.8600945015869716,8.430047550357171,4.804046189645399,3.639985840774146,2.257354351551102,7.545658232827409,3.972675312027686,2.87654817562391
500.0,4.413501906450113,1.74060887607261,1.3984007466015824,0.9818224969809588,1.4834035255057962,4.492007588863684,2.5750844574522156,1.9443913048804191,0.9823155688473386,3.6756886784263068,1.8043976276130516,1.2154767226339869
750.0,4.236312869718298,1.337942363852449,0.9780051702617449,0.4635262174911454,0.9454366372049721,3.048172274978355,1.7319183676850973,1.28071304003573,0.46147853373852377,2.2836855665362066,1.0015897386196202,0.6095237834131912
1000.0,4.689132136555402,1.2057767454555635,0.8537579401313868,0.3981614110264058,0.9372486410729357,2.552312714245833,1.5391511131903541,1.2058104598300812,0.40126813140654854,1.8068119014899668,0.8291699340757258,0.5219857727043974
