n,true,quad,mc,qmc,bq,gbq_uni,gbq_uni_m12,gbq_uni_m32,gbq_uni_m52,gbq_gauss,gbq_gauss_m12,gbq_gauss_m32,gbq_gauss_m52
10.0,12.746630675791721,10.571570322175381,11.755879730565358,10.559349666562941,6.58209234724823,6.546569587994104,3.455466368914366,5.137388096615543,5.953819293732385,6.587261422086456,3.4975187240852756,5.192526486791228,6.0057466164704305
25.0,12.746630675791721,12.646921965883218,13.27838922096817,11.02410725309045,9.134221518479482,9.079667866599255,6.144223982081738,7.949881426046787,8.651675595332481,9.136119821013784,6.2143786522573246,8.031695612698256,8.726102564393377
50.0,12.746630675791721,13.308903440601389,12.17337391722998,11.672877740524518,10.784625663663046,10.721859862724273,8.454410972374285,9.92840442458466,10.43636452207165,10.788351828021835,8.548743371853934,10.027997600179862,10.524660067846561
100.0,12.746630675791721,14.46064060506121,13.582143576777565,12.252037879716273,11.920466066129098,11.849300908512756,10.380961158197712,11.357494101865782,11.669189035457624,11.923028041277224,10.492940218623763,11.467000938904846,11.766830365498134
250.0,12.746630675791721,12.017589790247893,12.906780387214571,12.524280066015953,12.457772520722862,12.382064992695804,11.672083648754064,12.134276650503178,12.282655124017129,12.458894053555587,11.784813488795738,12.240248425819196,12.379967703633715
500.0,12.746630675791721,13.129705237087487,12.827901641018238,12.568381697254903,12.634571085130071,12.557546706963823,12.17405105851073,12.418394170410572,12.498786297266406,12.635342992256756,12.27810421516083,12.516630774277136,12.591698347007348
750.0,12.746630675791721,12.986490527131497,12.697435080791383,12.621967968748308,12.703571819197823,12.626119359373579,12.358091413538352,12.5258694378567,12.58338291456166,12.703906961042003,12.455537710828988,12.618961730923251,12.672577249987558
1000.0,12.746630675791721,12.540953865953766,12.768586536032808,12.637805304297924,12.705291378208216,12.627163053000277,12.42129680041553,12.55044076785101,12.592930469827115,12.705188903699247,12.516323035702545,12.640939446620383,12.68057271248926
