n,true,quad,mc,qmc,bq,gbq_uni,gbq_uni_m12,gbq_uni_m32,gbq_uni_m52,gbq_gauss,gbq_gauss_m12,gbq_gauss_m32,gbq_gauss_m52
10.0,0.0,1.1607960975314557,3.8013600495344253,0.24052886780020455,0.15943378616182652,0.16380528831982363,0.13100038797634472,0.13886412234683254,0.16231479746632907,0.16470719353574179,0.13215607579170544,0.1406681215788831,0.16359605013175293
25.0,0.0,3.7725553827144584,4.6109011715548895,0.9358604114488319,0.7266583576265869,0.7221912769177453,0.4560389271251102,0.6475977324704941,0.693996902971256,0.7263113407142884,0.4623630101877245,0.6550243992174488,0.6986972232211338
50.0,0.0,3.0417235629249904,2.6738917663036683,0.3532140049182614,0.2609363245470173,0.26008535874264643,0.16165131645850966,0.2391042322139045,0.24704910223048387,0.2611857906218016,0.16502108462372048,0.24090986306353473,0.2478070887004351
100.0,0.0,1.6274561797357132,2.415832554076648,0.3146284644493841,0.31781234649421064,0.3188591554778354,0.25897045595307144,0.30128500221700344,0.32023640377480855,0.3192658765868266,0.2639442877597053,0.3021049386038579,0.31933022926931975
250.0,0.0,2.0817489352283878,0.5069365116541892,0.18000984175692672,0.1705003874233569,0.16967964704752184,0.1307855361390484,0.16385394514548376,0.16825613113111376,0.16979653106346373,0.13612585682173964,0.16337759731228405,0.1676758211270604
500.0,0.0,0.46386293755847385,1.0188364556338119,0.0753105832605371,0.07831453876108636,0.0783444751216368,0.06334075790601967,0.07463225289437972,0.08041867583519259,0.0771234688412625,0.06291079532722543,0.07602036176454212,0.08005333453195904
750.0,0.0,0.5676215302888644,0.6097967709479546,0.0723353498284087,0.06762572830652575,0.06850753782883424,0.07085199173852418,0.07556331977304595,0.07165594195831596,0.06739679781360848,0.06556621959055,0.071769607325162,0.07072582164881835
1000.0,0.0,0.9221751327683654,0.28946857298048295,0.05410571643806481,0.05596753504814765,0.0545676949470092,0.04575755344815165,0.05233094811414835,0.055131309542089675,0.053884658440506564,0.04149882651216943,0.05207737774515468,0.054312598432471916
