n,true,quad,mc,qmc,bq,gbq_uni,gbq_uni_m12,gbq_uni_m32,gbq_uni_m52,gbq_gauss,gbq_gauss_m12,gbq_gauss_m32,gbq_gauss_m52
10.0,15.087708873902969,11.466600915175604,13.399082634620308,10.559349666562941,6.58209234724823,6.546569587994104,3.455466368914366,5.137388096615543,5.953819293732385,6.587261422086456,3.4975187240852756,5.192526486791228,6.0057466164704305
25.0,15.087708873902969,13.541952558883434,15.613213549869826,11.02410725309045,9.134221518479482,9.079667866599255,6.144223982081738,7.949881426046787,8.651675595332481,9.136119821013784,6.2143786522573246,8.031695612698256,8.726102564393377
50.0,15.087708873902969,14.203934033601609,13.20240405115062,11.672877740524518,10.784625663663046,10.721859862724273,8.454410972374285,9.92840442458466,10.43636452207165,10.788351828021835,8.548743371853934,10.027997600179862,10.524660067846561
100.0,15.087708873902969,15.367147837725714,15.685459663160913,14.442900712714353,14.245829953897044,14.162728924938353,12.360935105451244,13.562052772115418,13.945705270290919,14.254628225049212,12.499776114251045,13.697271878651398,14.072582273205438
250.0,15.087708873902969,12.909501859247044,14.715806047449377,14.023290957518475,14.053949995645814,13.966402467838014,13.178998200770073,13.707267445106316,13.854325967201373,14.060687873673505,13.312983545887164,13.832309818682702,13.980767815677371
500.0,15.087708873902969,14.17878830431333,15.108984588843194,14.922105523480834,15.108836969083958,15.014239657851643,14.548548247485996,14.833413388783303,14.929340322268994,15.122748793226569,14.68794028074584,14.965602244395674,15.06463073263698
750.0,15.087708873902969,13.79563299920666,14.991373838449892,14.606035957609672,14.746314566514817,14.658758645648657,14.353963447507903,14.535452898919107,14.595809840423644,14.759480240870133,14.464403150019995,14.641260677435294,14.708472738813432
1000.0,15.087708873902969,13.800420835065172,15.096509918630565,14.634173633507421,14.745756228,14.656234112068711,14.42330401201286,14.559930510280171,14.605344151840125,14.759071110860216,14.533047152449623,14.665875494271836,14.718851017162251
