n,true,quad,mc,qmc,bq,gbq_uni,gbq_uni_m12,gbq_uni_m32,gbq_uni_m52,gbq_gauss,gbq_gauss_m12,gbq_gauss_m32,gbq_gauss_m52
10.0,0.0,0.5803980487657258,3.8495891560893316,0.2659666788020183,0.1834548864136979,0.18577516696531937,0.1841232203014782,0.17523020320623175,0.1729355275795584,0.18590386234203732,0.17665101213032042,0.17546123793204998,0.17237805952649918
25.0,0.0,1.8862776913572297,4.3395173810096805,0.6180542246575264,0.4870936776721961,0.4814266808609873,0.47028818577444703,0.5495543049827283,0.507124303605029,0.48370211089826237,0.48377075753086235,0.5581112919886104,0.5107878502914971
50.0,0.0,1.5208617814624952,2.570521892170156,0.26144374915373075,0.13504924842617888,0.14433348492771414,0.16920808305908613,0.15929474371860708,0.1396918532400965,0.14512066553884218,0.1762102108957389,0.16165374625327203,0.14271174872982445
100.0,0.0,0.8137280898678547,2.3962574422778626,0.21884555535838573,0.2631991514093712,0.27663325451421966,0.1942252405701466,0.19655761929224902,0.25980865760108535,0.27203025439416423,0.1907990381227445,0.19059548977455265,0.2512646975659044
250.0,0.0,1.0436626810576726,0.5099779404087229,0.11809354330531914,0.12728156454462683,0.13390669317258988,0.0944544053801082,0.10308302301627284,0.12124128791166988,0.13007422757474343,0.10796926580357158,0.09456593681682754,0.11598996256554218
500.0,0.0,0.3288715583773023,0.996118035298606,0.0373841787912432,0.0516587224877107,0.05209483085869396,0.018297088176876773,0.0679265434101617,0.061852919915680184,0.04885812438366724,0.029607840848900675,0.06935931660403173,0.060984868737738715
750.0,0.0,0.33978736646517854,0.599751249675522,0.04219359781015621,0.04607936109279534,0.04975758945119952,0.02734785055371208,0.05954938439201262,0.05361432024940134,0.046155319692621634,0.0323660944174674,0.0600343237187939,0.052552126101926215
1000.0,0.0,0.25111139573749175,0.2800127404901527,0.03698596995717446,0.040044610730946034,0.04181800618830714,0.023408773479828122,0.0469750914252305,0.04945510803523256,0.03994472586453561,0.014799858762297852,0.04944647660415577,0.04812944081706741
