n,quad,mc,qmc,bq,gbq_uni,gbq_uni_m12,gbq_uni_m32,gbq_uni_m52,gbq_gauss,gbq_gauss_m12,gbq_gauss_m32,gbq_gauss_m52
10.0,7.6936538690726675,9.326800815881574,1.5942040624620255,1.0567130337303676,1.08568696340076,0.8682589853184078,0.9203791212264474,1.0758081218486562,1.0916647114038218,0.8759187819450454,0.9323358685836958,1.0843001511960741
25.0,8.677354563641645,16.879406814201364,6.202800035912535,4.8162273258299635,4.786619909977922,3.0225856751114497,4.292220494727579,4.599750093081754,4.813927328426786,3.0645011383237146,4.3414437850828165,4.630903399983161
50.0,16.1193585264965,6.95882565801533,2.341071184964413,1.7294628808642754,1.7238227547756657,1.0714106284096991,1.5847617037963957,1.637419599590778,1.7311163199441875,1.0937451537731833,1.5967292653706586,1.6424434668743122
100.0,5.018631220925836,7.301586772604115,2.085329635393437,2.1064321239915156,2.1133702813510826,1.7164332776927422,1.9968903478654236,2.1224985612541714,2.1160659928894643,1.7493993950018922,2.002324813719101,2.116492516777425
250.0,13.797647824641976,2.406367214850333,1.1930893103875275,1.1300614881181157,1.124621693496583,0.8668349663431444,1.0860094565378315,1.1151867559039688,1.1253963904165647,0.9022301395090873,1.0828522652294565,1.1113405125219993
500.0,3.0744425242775737,3.321836247411116,0.4991518850870785,0.2802963314206572,0.46017905443221485,0.41981694129570213,0.49465597141438905,0.5330078708921261,0.24378384378536774,0.416967187351033,0.5038562342360253,0.40625451355007763
750.0,3.7621453000771545,1.5067195921742957,0.4794323010402612,0.4482173461306453,0.4540619016538087,0.4696007348145222,0.5008270003389776,0.47492924576678675,0.4467000150711014,0.43456710451219777,0.4756826097652311,0.46876449061893005
1000.0,5.537491239071382,1.0089447587667817,0.358607903229435,0.37094787231051385,0.36166985592752443,0.303277017276612,0.3468448957459975,0.3654054436154296,0.3571427503728563,0.27505055180345794,0.34516425376706644,0.35997909879090884
