n,quad,mc,qmc,bq,gbq_uni,gbq_uni_m12,gbq_uni_m32,gbq_uni_m52,gbq_gauss,gbq_gauss_m12,gbq_gauss_m32,gbq_gauss_m52
10.0,16.789599358338744,24.284307456540308,30.838318022048604,39.664623427685505,39.89280937542061,58.52244559968578,46.64939473387331,42.35969601150723,39.53470917047819,58.04851616565156,46.095583676633304,41.908530818570945
25.0,12.629344383765554,21.68786765952934,27.373818035540943,26.37161197938918,26.770385743292913,39.70814432000648,30.423679861381924,27.873293893176793,26.32645670945312,39.081861384704766,29.745881501057546,27.298538521587886
50.0,8.053030355550145,18.891853575757352,22.775862377085225,20.086071404580494,20.448429596472565,28.387292462936337,22.58633446199068,21.186046389885426,19.965145085466986,27.695621778079904,21.887654924911285,20.571309741239453
100.0,5.171644089528095,12.988215898886144,4.452220970674752,1.4270457610444267,1.352906877202792,5.362229320074651,1.936368904481433,1.255684334651735,1.472805408955994,4.434141132866683,1.0663954124609618,1.2705129203321022
250.0,12.02014525803032,3.2085538909654034,6.998355580198007,4.507429816043508,5.197267869617026,7.241584630941067,5.709033151166337,5.513922076566695,4.448258482280872,6.455008530958814,4.895472678499381,4.593264798733733
500.0,8.32273646348056,5.112709434136615,1.042397901244518,1.3899929472123016,0.7123232466663845,0.25391031377435774,0.4185883947398068,0.5338823924070922,1.5822996162324894,0.6459719649647677,1.1895658174577397,1.3789096696406413
750.0,8.788222946764995,3.3931117897306393,3.1639727410330836,1.5175576867118854,2.0760141276392843,2.579547248308746,2.411039633944006,2.2864675285520075,1.3317271930286023,1.906430020265563,1.6871355516049804,1.5262368980594219
1000.0,8.650241419006939,1.414941054941663,2.8853116359167,1.619646440495999,2.180881646047734,2.4122599019375093,2.387460265592529,2.348681593089876,1.4113158975601596,1.7164830547990568,1.6385834727400421,1.5544832929609669
