n,quad,mc,qmc,bq,gbq_uni,gbq_uni_m12,gbq_uni_m32,gbq_uni_m52,gbq_gauss,gbq_gauss_m12,gbq_gauss_m32,gbq_gauss_m52
10.0,24.000383285435426,23.738250331900193,30.013564320376567,56.3744740685367,56.609915775100696,77.09747452185238,65.94984606641223,60.53861230030335,56.340213897682204,76.81875523105505,65.58439369298358,60.19444259785197
25.0,23.34292568128269,23.051295086259238,26.933192141858477,39.45918764194321,39.82076442166611,59.27662686606228,47.30888902689789,42.65745934230489,39.446605860639174,58.81164791689306,46.76663183373995,42.16416397398273
50.0,12.312336407486681,19.200653741624595,22.63319873095538,28.520454935890985,28.93646111325924,43.96491181641382,34.195413580933405,30.82869898077564,28.495758248077568,43.339685015790614,33.53531882149999,30.24348391258436
100.0,8.738543429565208,13.347322452470081,4.273731462991907,5.579899022721159,6.130685292877977,18.072815370716718,10.111913707630315,7.569098881456808,5.521584859678251,17.152589444035733,9.215693428818684,6.728169327639809
250.0,14.43696344395632,3.2364714703222384,7.054867808495449,6.851662415393184,7.431919686656097,12.650765527656553,9.149443698402646,8.174752820389852,6.807004355750074,11.76272251041062,8.320673905576978,7.336707431704634
500.0,6.024245146735224,5.260418194335918,1.0976043599871963,0.4150869396947045,0.5323635904811024,3.57350894640837,1.6854479844817178,1.0496527534933007,0.46413947603445693,2.64963087834101,0.8093119407844627,0.341438282822805
750.0,8.56376462122223,3.4146236921701316,3.1924854881475113,2.2627312751153084,2.8430441748267112,4.863199790819243,3.6603037585056675,3.260263288418546,2.1754703499122243,4.1312152102901285,2.9590191605558513,2.513543562240232
1000.0,8.84028713137137,1.460740287382949,3.0059914609037817,2.2664318934098904,2.8597765601149456,4.403616662032235,3.498068315300613,3.197070715602046,2.1781820274328965,3.676248833331736,2.795874331594321,2.444757251239967
