n,quad,mc,qmc,bq,gbq_uni,gbq_uni_m12,gbq_uni_m32,gbq_uni_m52,gbq_gauss,gbq_gauss_m12,gbq_gauss_m32,gbq_gauss_m52
10.0,3.8468269345363204,9.713249513382186,1.7628036239621363,1.2159227616793278,1.2313013759607492,1.2203524195774629,1.1614102888035263,1.1462013817000594,1.2321543575353135,1.170827284690465,1.1629415665326304,1.14250653274905
25.0,8.929485013116969,15.838705038117208,4.096408737887087,3.2284138151334307,3.1908534614801933,3.1170285011788548,3.6423973286844475,3.361175032229021,3.205934810519285,3.2063897943287807,3.699112281745897,3.3854566956484757
50.0,9.747219160726443,6.617887558779753,1.7328260462789469,0.8950944742827842,0.9566295726806211,1.1214962090882024,1.0557914727141735,0.9258652483792273,0.9618469361498334,1.16790569309385,1.0714267328744829,0.9458808485937266
100.0,3.73762936400156,7.698616592372339,1.4504889853549623,0.8010825335000488,1.077284619522415,1.2873077164558475,1.3027665163412083,1.542139202683596,0.8941103620242553,1.2645991496612674,1.263250049212067,0.8730673822523546
250.0,6.917303944423819,2.409798034666118,0.78271356037088,0.8436109525203275,0.887521719114071,0.6260354449407812,0.6832251594844484,0.8035765332228769,0.8621204760898542,0.7156107445201619,0.6267746654390788,0.7687712132765806
500.0,2.179731602232513,3.310919957687134,0.24777903062476347,0.34238944374824315,0.3452799314599831,0.12127148217000017,0.2746655706240345,0.16776701915013936,0.32382732721053864,0.19623815051278598,0.4597074160411574,0.40420231625242664
750.0,2.2520806128020188,1.3693071930657887,0.27965543451821234,0.30540992988337856,0.3297889021259195,0.1812591347186938,0.3946880529688273,0.35535097275198213,0.3059133767649504,0.21451961121446775,0.39790218793679505,0.3483108438871392
1000.0,1.6643441216700319,0.9908822668948849,0.24513973769170885,0.2654121382220644,0.2771660464673948,0.1551512802604377,0.31134675130485023,0.32778408205353465,0.26475011016170613,0.09809215491887562,0.32772687369175557,0.31899767697875137
