n,true,quad,mc,qmc,bq,gbq_uni,gbq_uni_m12,gbq_uni_m32,gbq_uni_m52,gbq_gauss,gbq_gauss_m12,gbq_gauss_m32,gbq_gauss_m52
10.0,15.087708873902969,12.554543001622138,13.274646197185291,10.434913229127924,9.103225965203865,9.068797933718438,6.25801265593414,8.049384005018343,8.69660125981647,9.122827050117,6.329517749208959,8.132941405046198,8.76467175066708
25.0,15.087708873902969,13.592218823476054,15.546733197807978,10.957626901028608,11.10883683309741,11.048671008534109,9.096659659671154,10.497472627689417,10.88226743773308,11.115649728766588,9.191151405676411,10.599736871047249,10.968984854935533
50.0,15.087708873902969,13.923209560835144,13.180879375553655,11.651353064927552,12.057180896175591,12.002509347102176,10.804716829911737,11.679948484991796,11.891219872707023,12.075425907155365,10.909074089209005,11.785363219507868,11.983969548595919
100.0,15.087708873902969,14.51019245709656,15.658529685871262,14.415970735424704,15.138947516342665,15.047958915160063,14.27867132493904,14.795555170870026,14.92895767799952,15.156532144879275,14.41869856871806,14.926814238626202,15.076765606766045
250.0,15.087708873902969,13.274144351151103,14.724332447933056,14.031817358002149,14.407640985562825,14.303560228338252,13.99511966692928,14.226346572540383,14.255784363456721,14.416568584137735,14.113795978966303,14.349094208169522,14.394690453262559
500.0,15.087708873902969,13.831998625950854,15.117313978617881,14.930434913255521,15.297426963146146,15.195182131601126,15.04939962495988,15.128589922824172,15.150481013817123,15.32644163351301,15.185171243383882,15.267187101304458,15.295754750492446
750.0,15.087708873902969,13.761767380505528,14.995675758726472,14.610337877886248,14.858744188138342,14.774485906143658,14.698514294813373,14.723938233099082,14.742733309698718,14.886781752024214,14.800072262560613,14.833158773568693,14.857434693997675
1000.0,15.087708873902969,13.782585631713427,15.11471773929415,14.65238145417101,14.8433413341744,14.758663800262903,14.72375412261674,14.727495819550256,14.733346632762622,14.874773639987982,14.828730907725012,14.840484169880062,14.853172960167559
