n,true,quad,mc,qmc,bq,gbq_uni,gbq_uni_m12,gbq_uni_m32,gbq_uni_m52,gbq_gauss,gbq_gauss_m12,gbq_gauss_m32,gbq_gauss_m52
10.0,0.9999999999999989,0.8166346059641063,1.0285217289897008,1.1652206214137757,0.8159017177360891,0.8165775524406502,0.36249950580275464,0.574248659827517,0.6893051414677499,0.8263861203921772,0.36976969905176915,0.5849257712492433,0.6995786875089742
25.0,0.9999999999999989,0.9580508693205099,1.0288831496134148,1.0618870700843361,0.9688158366450136,0.9367346325351512,0.6373988643921903,0.8549497187603142,0.9142305907941204,0.9476650675827578,0.6497973386403003,0.8699860464647134,0.9270689259492692
50.0,0.9999999999999989,0.9272639870288473,0.9981310438277105,1.0359904745341457,0.9829540775649857,0.9679362007012872,0.7995882391106789,0.9203140400551797,0.9678853896258449,0.9767096961756968,0.814806727819432,0.9338426562778521,0.9785506641847042
100.0,0.9999999999999989,0.8597682148161448,1.004018102511124,1.0260889531978987,0.9994900898366488,0.990324284538279,0.9113519843669742,0.9692255328091584,0.987993973887081,0.9960414739488879,0.9228790240738274,0.9777289186456931,0.9936818928603748
250.0,0.9999999999999989,0.8272091414169275,0.9969887902613113,1.0089080086800153,0.9930849563967333,0.9927639261583165,0.9782609682929309,0.9860950370891974,0.9915568544965782,0.9954272690851115,0.9831218425945562,0.9887372547890237,0.9941531423773509
500.0,0.9999999999999989,1.0283118973596022,0.9967877357044538,1.005030953416699,0.9963741459219954,0.9974908795871252,0.9692753129330134,0.9914921428925618,0.9956203804994133,0.9985961696371316,0.9739608112501491,0.9930573170196336,0.9970835670079964
